nblm_imports/621a5aae-0787-450c-8c0b-db43b2c26e1e-current-update/001-v24-repair-status.md	001-v24-repair-status.md
nblm_imports/621a5aae-0787-450c-8c0b-db43b2c26e1e-current-update/002-supersession-ledger.md	002-supersession-ledger.md
nblm_imports/621a5aae-0787-450c-8c0b-db43b2c26e1e-current-update/003-next-agent-brief.md	003-next-agent-brief.md
docs/agent-runs/nblm-memory-pack-v24-repair-20260606-021729-flat/000-README-全md版.md	v24-repair__000-README-全md版.md
docs/agent-runs/nblm-memory-pack-v24-repair-20260606-021729-flat/000-flat-md-folder-index.md	v24-repair__000-flat-md-folder-index.md
docs/agent-runs/nblm-memory-pack-v24-repair-20260606-021729-flat/000-machine-index.json.md	v24-repair__000-machine-index.json.md
docs/agent-runs/nblm-memory-pack-v24-repair-20260606-021729-flat/000-structured-readme.md	v24-repair__000-structured-readme.md
docs/agent-runs/nblm-memory-pack-v24-repair-20260606-021729-flat/assets__diagrams__v24-repair-flow.png	v24-repair__assets__diagrams__v24-repair-flow.png
docs/agent-runs/nblm-memory-pack-v24-repair-20260606-021729-flat/completion-report.md	v24-repair__completion-report.md
docs/agent-runs/nblm-memory-pack-v24-repair-20260606-021729-flat/context-packs__next-codex-context-pack.md	v24-repair__context-packs__next-codex-context-pack.md
docs/agent-runs/nblm-memory-pack-v24-repair-20260606-021729-flat/machine-manifest.md	v24-repair__machine-manifest.md
docs/agent-runs/nblm-memory-pack-v24-repair-20260606-021729-flat/maps__v24-repair-system-map.md	v24-repair__maps__v24-repair-system-map.md
docs/agent-runs/nblm-memory-pack-v24-repair-20260606-021729-flat/report.md	v24-repair__report.md
docs/agent-runs/nblm-memory-pack-v24-repair-20260606-021729-flat/round-logs__loop-01-12-summary.md	v24-repair__round-logs__loop-01-12-summary.md
